"","true","Meanest","EmpiricalVar","MeanBias","MeanRMSE","MeanRelbias"
"1",0.13,3.50081281325294,0.00718675834089713,3.37081281325294,3.37187334378671,25.9293293327149
"2",4.53,48.7551795896188,2.84220354673498,44.2251795896188,44.2571406923565,9.76273280124035
"3",5.03,64.3569736819866,3.16287770515007,59.3269736819866,59.3534907952325,11.79462697455
"4",6.02,108.890071075045,5.41950644899167,102.870071075046,102.896277541521,17.0880516735956
"5",-1.99,-85.2430821475436,12.4911344615055,-83.2530821475436,83.3276926708932,41.8357196721324
"6",-2.01,-85.7632329988183,12.8593232046137,-83.7532329988183,83.8295834675501,41.6682751237902
"7",-2.84,-102.564351632579,12.4215013778882,-99.7243516325794,99.7863001739685,35.1142083213308
"8",-2.5,-96.5403563949496,12.4913764821401,-94.0403563949496,94.1064160962943,37.6161425579799
