"","true","Meanest","EmpiricalVar","MeanBias","MeanRMSE","MeanRelbias"
"1",0.13,0.119466720594032,2.51326230200812e-07,-0.0105332794059677,0.010545143177939,-0.0810252261997515
"2",4.53,4.00765989089267,0.000278771309441929,-0.522340109107331,0.522605555878574,-0.115306867352612
"3",5.03,4.50569118160652,0.000302090725787061,-0.524308818393484,0.524595384384318,-0.104236345605066
"4",6.02,5.49275566241289,0.000277709496207839,-0.527244337587106,0.52750631509622,-0.0875821158782567
"5",-1.99,-1.88429374639095,0.000207262670033887,0.10570625360905,0.106677262848015,-0.0531187204065578
"6",-2.01,-1.90427488423535,0.000216058432536906,0.105725115764646,0.106736958190788,-0.0525995600819132
"7",-2.84,-2.64451847970339,0.000269357947214266,0.195481520296605,0.196165837838678,-0.0688315212311991
"8",-2.5,-2.34463934936455,0.000223308758588339,0.155360650635447,0.156074097724974,-0.0621442602541787
