"","true","Meanest","EmpiricalVar","MeanBias","MeanRMSE","MeanRelbias"
"1",0.13,0.130011873234679,5.47237905979398e-08,1.18732346790798e-05,0.000233647480933766,9.133257445446e-05
"2",4.53,4.52921914517156,0.00026140557680196,-0.000780854828437394,0.0161464634883631,-0.00017237413431289
"3",5.03,5.02999554599133,0.000260883032612632,-4.45400866705636e-06,0.0161114442955237,-8.85488800607635e-07
"4",6.02,6.02015166145543,0.000269318507351507,0.000151661455429779,0.0163705502660055,2.51929327956444e-05
"5",-1.99,-1.99027614674715,4.92838823395851e-05,-0.000276146747145347,0.00700811814639609,0.000138767209620777
"6",-2.01,-2.01082974009648,4.99809618118319e-05,-0.000829740096483426,0.00710067078736122,0.000412806018150958
"7",-2.84,-2.84017670801969,7.15650074566154e-05,-0.000176708019694189,0.00844028483782133,6.22211336951372e-05
"8",-2.5,-2.50079527681362,6.27959144079147e-05,-0.000795276813620562,0.00794445719015198,0.000318110725448225
