"","true","Meanest","EmpiricalVar","MeanBias","MeanRMSE","MeanRelbias"
"1",0.13,1.75040640662689,0.00179668958521505,1.62040640662689,1.62095793553527,12.4646646663607
"2",4.53,24.3775897952672,0.710550885814451,19.8475897952672,19.8653924907761,4.38136640072125
"3",5.03,32.1784868419875,0.790719426054932,27.1484868419875,27.1629730265023,5.39731348747267
"4",6.02,54.4450355381119,1.35487661036529,48.4250355381119,48.4389530140228,8.04402583689566
"5",-1.99,-42.6215410744538,3.12278361178911,-40.6315410744538,40.6697590327107,20.4178598364089
"6",-2.01,-42.8816164999257,3.21483080152184,-40.8716164999257,40.9107295457379,20.3341375621521
"7",-2.84,-51.2821758168869,3.10537534269946,-48.4421758168869,48.4740574569549,17.0571041608757
"8",-2.5,-48.2701781988518,3.12284411689441,-45.7701781988518,45.8041094471987,18.3080712795407
